40.82842514755085,-73.86650602729434,01/05/2016 02:03:24 PM,General Construction/Plumbing
40.62978718016208,-74.02734777577383,01/05/2016 01:20:13 PM,Investigations and Discipline (IAD)
40.641208521296704,-74.00721735872256,01/05/2016 10:05:12 AM,General Construction/Plumbing
40.61980743888107,-74.00662429712922,01/05/2016 04:22:53 PM,SAFETY
40.75591985771908,-73.83256696789964,01/05/2016 01:58:54 PM,UNSANITARY CONDITION
40.62401533912788,-74.00357712982643,01/05/2016 08:54:28 AM,APPLIANCE
40.62401533912788,-74.00357712982643,01/05/2016 08:54:28 AM,APPLIANCE
40.62401533912788,-74.00357712982643,01/05/2016 08:54:28 AM,ELECTRIC
40.82155481156099,-73.95454434550449,01/05/2016 01:46:23 PM,UNSANITARY CONDITION
40.75591985771908,-73.83256696789964,01/05/2016 01:58:54 PM,GENERAL
40.82155481156099,-73.95454434550449,01/05/2016 01:46:23 PM,UNSANITARY CONDITION
40.61980743888107,-74.00662429712922,01/05/2016 04:22:53 PM,UNSANITARY CONDITION
40.82155481156099,-73.95454434550449,01/05/2016 01:46:23 PM,PAINT/PLASTER
40.82155481156099,-73.95454434550449,01/05/2016 01:46:23 PM,PAINT/PLASTER
40.62401533912788,-74.00357712982643,01/05/2016 08:54:28 AM,DOOR/WINDOW
40.62401533912788,-74.00357712982643,01/05/2016 08:54:28 AM,APPLIANCE
40.61980743888107,-74.00662429712922,01/05/2016 04:22:53 PM,PAINT/PLASTER
40.61980743888107,-74.00662429712922,01/05/2016 04:22:53 PM,GENERAL
40.62401533912788,-74.00357712982643,01/05/2016 08:54:28 AM,GENERAL
40.86782618371043,-73.917059184637,01/05/2016 02:47:52 PM,School Maintenance
40.836687919499205,-73.9453475684647,01/05/2016 04:38:57 PM,DOOR/WINDOW
40.63145649788228,-73.95642836496867,01/05/2016 02:02:09 PM,Overgrown Tree/Branches
40.87679295453996,-73.84708114995277,01/05/2016 08:08:01 AM,Street Sign - Damaged
40.740728377207915,-74.00695027262566,01/05/2016 12:28:12 PM,Street Sign - Missing
40.63263891103419,-74.11298060480256,01/05/2016 11:58:00 AM,Sewer
40.57317312495848,-73.99062303085555,01/05/2016 10:05:00 AM,Sewer
40.76519603662928,-73.91391995774092,01/05/2016 11:18:00 AM,Noise
40.6392525932736,-74.07817075809876,01/05/2016 09:32:52 AM,Graffiti
40.65286861538407,-73.9498048194978,01/05/2016 09:32:55 AM,Graffiti
40.79604840266627,-73.9729775940948,01/05/2016 08:15:28 PM,WATER LEAK
40.79604840266627,-73.9729775940948,01/05/2016 08:15:28 PM,PLUMBING
40.543082942764045,-74.18229915880542,01/05/2016 08:42:02 AM,Non-Residential Heat
40.717450313579505,-73.99981963018747,01/05/2016 12:56:55 PM,Non-Residential Heat
40.726101435428106,-74.00906656362588,01/05/2016 11:47:46 AM,Non-Residential Heat
40.77366436924612,-73.98368441530154,01/05/2016 12:09:59 PM,Non-Residential Heat
40.79604840266627,-73.9729775940948,01/05/2016 08:15:28 PM,FLOORING/STAIRS
40.689324703752,-73.99932930732174,01/05/2016 09:43:06 AM,Graffiti
40.79123738870302,-73.94390781869758,01/05/2016 09:53:53 PM,Non-Residential Heat
40.7616809336943,-73.83058514550913,01/05/2016 10:07:26 AM,Non-Residential Heat
40.656333631100416,-73.91445687723072,01/05/2016 02:44:03 PM,Graffiti
40.675941573602785,-73.87723375212586,01/05/2016 09:56:44 AM,Building/Use
40.69146896355427,-73.8355955811217,01/05/2016 02:42:29 PM,Building/Use
40.79788508073999,-73.9497640967064,01/05/2016 07:26:46 PM,Elevator
40.68575383860205,-73.93858442168106,01/05/2016 04:14:18 PM,Graffiti
40.71004872163909,-73.9521387718259,01/05/2016 09:18:21 AM,Graffiti
40.76517079876595,-73.92926602555123,01/05/2016 09:35:25 AM,Graffiti
40.72069115067155,-73.98708850095555,01/05/2016 06:29:13 PM,Graffiti
40.76563581969903,-73.98242287990458,01/05/2016 08:05:19 AM,Street Sign - Dangling
40.639498031141336,-73.95463233239023,01/05/2016 09:17:12 PM,Consumer Complaint
40.74880710965296,-73.75654823597054,01/05/2016 12:17:25 PM,Consumer Complaint
40.75824510000392,-73.80331964472657,01/05/2016 11:14:39 AM,Animal Abuse
40.77581299217055,-73.78569512350573,01/05/2016 07:05:36 PM,Street Condition
40.79185704175886,-73.85073960891489,01/05/2016 07:03:26 AM,Street Condition
40.613340363275306,-74.01108624866866,01/05/2016 07:02:01 AM,Traffic
40.697329761527236,-73.85446739113425,01/05/2016 09:26:09 AM,Derelict Vehicle
40.69072897516217,-73.79989481171408,01/05/2016 07:13:18 AM,Street Condition
40.681516302331914,-73.83172622223239,01/05/2016 11:05:52 AM,Curb Condition
40.69766566769127,-73.79099158721078,01/05/2016 09:56:51 PM,Animal Abuse
40.68862630213289,-73.9361730763391,01/05/2016 07:40:00 AM,Dirty Conditions
40.653019330429856,-73.94336090962899,01/05/2016 09:31:39 AM,DOF Property - Reduction Issue
40.62945572541171,-73.90619084161892,01/05/2016 02:28:37 PM,Street Condition
40.756319455557325,-73.83367769187286,01/05/2016 07:02:28 AM,Street Condition
40.76750059895013,-73.83301438864214,01/05/2016 07:05:50 AM,Street Condition
40.8898830905275,-73.85398074744387,01/05/2016 09:57:00 AM,Derelict Vehicles
40.868889206638016,-73.84782244910075,01/05/2016 03:14:40 PM,Derelict Vehicle
40.884263779244996,-73.90584576616098,01/05/2016 04:56:10 PM,General Construction/Plumbing
40.70765027746172,-73.95330551174374,01/05/2016 09:17:05 AM,Graffiti
40.6781626041862,-73.95887827648579,01/05/2016 02:25:05 PM,Graffiti
40.55837885498764,-74.1066902642099,01/05/2016 07:00:00 AM,Street Condition
40.719851983507674,-73.76416850947952,01/05/2016 11:09:00 AM,Missed Collection (All Materials)
40.84716123964759,-73.89355138023878,01/05/2016 06:10:00 PM,Derelict Vehicles
40.60213687798422,-74.11487001978769,01/05/2016 11:28:59 AM,Street Condition
40.604436667533555,-73.99484655421699,01/05/2016 01:06:35 AM,Noise - Vehicle
40.65875581048415,-73.87658418075006,01/05/2016 09:03:43 AM,PLUMBING
40.68084318637571,-73.92863078228889,01/05/2016 01:32:20 PM,General Construction/Plumbing
40.52508808811773,-74.23638531117217,01/05/2016 01:08:52 PM,Special Projects Inspection Team (SPIT)
40.87149513466627,-73.90543357133495,01/05/2016 04:20:21 PM,Elevator
40.58380352066814,-74.16124482902255,01/05/2016 02:42:00 PM,Air Quality
40.88199659918503,-73.89616807041642,01/05/2016 06:35:54 PM,Animal Abuse
40.57805155428741,-73.96624404453534,01/05/2016 05:08:50 PM,Building/Use
40.59017719399541,-74.15096991413125,01/05/2016 05:01:00 PM,Traffic Signal Condition
40.61190000485082,-73.93375406398845,01/05/2016 02:02:43 PM,Special Enforcement
40.84576469334086,-73.91029170194108,01/05/2016 01:02:49 PM,UNSANITARY CONDITION
40.74077979572794,-73.81464468085143,01/05/2016 12:00:00 AM,Unsanitary Pigeon Condition
40.66652655394218,-73.99628721858763,01/05/2016 10:04:00 AM,Street Light Condition
40.859875716254784,-73.86558972888561,01/05/2016 06:20:40 AM,HEAT/HOT WATER
40.698583437563016,-73.7427135975096,01/05/2016 09:03:56 AM,DOOR/WINDOW
40.67971723613814,-73.93701804577863,01/05/2016 10:21:37 AM,HEAT/HOT WATER
40.65524967517434,-73.95296016121958,01/05/2016 06:56:00 AM,Traffic Signal Condition
40.83144345868629,-73.89483766618066,01/05/2016 12:51:39 PM,UNSANITARY CONDITION
40.858061408825485,-73.90077121497228,01/05/2016 11:16:40 PM,HEAT/HOT WATER
40.83571187730289,-73.91166043581975,01/05/2016 03:20:36 AM,HEAT/HOT WATER
40.827267505998805,-73.86945323331864,01/05/2016 05:23:02 PM,HEAT/HOT WATER
40.7271609557654,-73.99151416765446,01/05/2016 10:21:40 AM,HEAT/HOT WATER
40.71028678153632,-73.95040362950343,01/05/2016 12:24:18 AM,HEAT/HOT WATER
40.66326958602203,-73.8975322130808,01/05/2016 08:38:25 AM,HEAT/HOT WATER
40.708471069583375,-73.95357184818346,01/05/2016 10:29:05 AM,HEAT/HOT WATER
40.86426072138255,-73.92082360738061,01/05/2016 12:04:23 PM,PAINT/PLASTER
40.79950407430594,-73.93770654094834,01/05/2016 08:17:08 PM,GENERAL
40.82764776782164,-73.94735318799134,01/05/2016 10:27:13 AM,HEAT/HOT WATER
40.816937840594534,-73.95365514003782,01/05/2016 09:02:19 AM,HEAT/HOT WATER
40.63954587507337,-73.96601476139251,01/05/2016 12:16:29 AM,HEAT/HOT WATER
40.647806986858214,-73.94923925371351,01/05/2016 11:53:54 AM,HEAT/HOT WATER
40.75796757201678,-73.81643774720902,01/05/2016 05:34:05 PM,General Construction/Plumbing
40.87548571470515,-73.85068928413239,01/05/2016 02:56:00 PM,Traffic Signal Condition
40.780501326453255,-73.84600600649401,01/05/2016 01:06:00 PM,Sanitation Condition
40.6512806982575,-73.96017059735964,01/05/2016 09:09:26 PM,HEAT/HOT WATER
40.63760606790248,-74.13887717071599,01/05/2016 04:59:13 PM,PLUMBING
40.74434617935914,-73.92889837899675,01/05/2016 10:06:00 AM,Traffic Signal Condition
40.698583437563016,-73.7427135975096,01/05/2016 09:03:56 AM,UNSANITARY CONDITION
40.6694056244296,-73.91260166422845,01/05/2016 12:56:56 PM,Broken Muni Meter
40.63771164470506,-73.90569281868046,01/05/2016 08:09:16 AM,HEAT/HOT WATER
40.8108410066146,-73.95875295199868,01/05/2016 03:30:04 PM,HEAT/HOT WATER
40.87961487939067,-73.86735430704728,01/05/2016 09:06:44 AM,HEAT/HOT WATER
40.76139645225346,-73.99566826833663,01/05/2016 05:13:38 PM,Noise - Commercial
40.61978339028374,-73.96600681294451,01/05/2016 11:41:00 AM,Sanitation Condition
40.6603998053043,-73.91986894491185,01/05/2016 01:59:17 PM,Advocate-Prop Refunds/Credits
40.73812378165185,-74.00287237836872,01/05/2016 01:33:35 AM,HEAT/HOT WATER
40.75101734656945,-73.89191484196203,01/05/2016 10:51:07 AM,UNSANITARY CONDITION
40.647905783709504,-74.00740547226809,01/05/2016 11:48:00 AM,Street Light Condition
40.56047555908232,-74.1668892252524,01/05/2016 08:16:00 AM,Snow
40.630389455655575,-74.03332848884504,01/05/2016 01:13:57 PM,Damaged Tree
40.75904091383096,-73.82355664121137,01/05/2016 05:36:00 PM,Street Light Condition
40.733862870589746,-73.95365879628267,01/05/2016 05:55:11 PM,HEAT/HOT WATER
40.750159725501206,-73.85789979484883,01/05/2016 02:13:05 PM,General Construction/Plumbing
40.676969061216866,-73.98189104730241,01/05/2016 12:00:00 AM,Rodent
40.875722699167746,-73.86481280073414,01/05/2016 06:03:15 AM,PLUMBING
40.67512555111904,-73.94872456150424,01/05/2016 05:42:06 PM,HEAT/HOT WATER
40.654093197623396,-73.9507517424864,01/05/2016 10:26:43 PM,HEAT/HOT WATER
40.58025854233732,-73.82829495089065,01/05/2016 05:32:15 AM,HEAT/HOT WATER
40.7057922320402,-73.83441330302082,01/05/2016 01:51:10 PM,PAINT/PLASTER
40.7639639408,-73.8830964605131,01/05/2016 09:58:26 AM,HEAT/HOT WATER
40.686359991578634,-73.81002558206531,01/05/2016 10:21:00 AM,Street Light Condition
40.660894179220875,-73.9494023032745,01/05/2016 03:28:46 PM,HEAT/HOT WATER
40.69175445946506,-73.96656511140145,01/05/2016 08:35:00 AM,Traffic Signal Condition
40.58124222955123,-74.09843949171652,01/05/2016 12:15:00 AM,Traffic Signal Condition
40.88240811038497,-73.87905847713522,01/05/2016 01:41:20 PM,HEAT/HOT WATER
40.65715250398238,-73.91571367111956,01/05/2016 08:13:52 AM,WATER LEAK
40.6549988226691,-73.95723110150566,01/05/2016 05:45:56 AM,HEAT/HOT WATER
40.6677903225062,-73.93074269102355,01/05/2016 06:52:02 PM,HEAT/HOT WATER
40.71236499127455,-73.73308345197322,01/05/2016 11:59:58 AM,HEAT/HOT WATER
40.75775370534105,-73.78338172591826,01/05/2016 08:23:09 AM,Street Condition
40.74283841840669,-73.93678154602604,01/05/2016 10:49:18 AM,Special Enforcement
40.80947817793993,-73.91575196452845,01/05/2016 01:40:07 PM,UNSANITARY CONDITION
40.80947817793993,-73.91575196452845,01/05/2016 01:40:07 PM,UNSANITARY CONDITION
40.660894179220875,-73.9494023032745,01/05/2016 03:09:49 PM,HEAT/HOT WATER
40.69765883048233,-73.7368135849894,01/05/2016 02:12:24 PM,UNSANITARY CONDITION
40.85331447337415,-73.91639408973556,01/05/2016 06:03:49 PM,HEAT/HOT WATER
40.62676297297563,-73.95660074636203,01/05/2016 08:57:30 AM,General Construction/Plumbing
40.75519122692376,-73.82077673540158,01/05/2016 10:18:00 AM,Missed Collection (All Materials)
40.684070295965896,-73.93674351501465,01/05/2016 12:58:06 PM,GENERAL
40.57504818064165,-73.99745500833791,01/05/2016 12:11:47 AM,HEAT/HOT WATER
40.88496118941129,-73.899638885275,01/05/2016 03:51:27 PM,Plumbing
40.73299582169977,-73.98645467509942,01/05/2016 02:56:09 PM,Broken Muni Meter
40.832588336700724,-73.90469386987536,01/05/2016 03:42:16 PM,DOOR/WINDOW
40.875722699167746,-73.86481280073414,01/05/2016 06:11:01 AM,WATER LEAK
40.86392257138302,-73.85965238222855,01/05/2016 02:39:30 AM,DOOR/WINDOW
40.6876366121506,-73.93832307109463,01/05/2016 01:07:10 PM,UNSANITARY CONDITION
40.60463428110638,-74.0054091533735,01/05/2016 01:23:38 PM,Investigations and Discipline (IAD)
40.775425866806785,-73.95196180432333,01/05/2016 02:10:22 PM,DOF Parking - Tax Exemption
40.73733470573327,-73.86344089990737,01/05/2016 09:27:18 PM,HEAT/HOT WATER
40.74545482708795,-73.94332563230026,01/05/2016 10:49:34 AM,Special Enforcement
40.660894179220875,-73.9494023032745,01/05/2016 03:21:58 PM,HEAT/HOT WATER
40.76867735330649,-73.96138921963846,01/05/2016 08:22:47 PM,General Construction/Plumbing
40.73072905670235,-73.99047096800696,01/05/2016 12:09:37 PM,Graffiti
40.68276099423977,-73.79221370520237,01/05/2016 10:52:00 AM,Water System
40.774268603651784,-73.92763886902915,01/05/2016 02:10:57 PM,Building/Use
40.748817302215514,-73.91281147409238,01/05/2016 10:26:00 AM,Street Light Condition
40.67413839153959,-73.72954484804696,01/05/2016 08:35:00 AM,Sewer
40.64535797539355,-74.08072918902054,01/05/2016 08:46:49 AM,Elevator
40.83236147097698,-73.85327946664536,01/05/2016 03:20:46 PM,PAINT/PLASTER
40.71893358427464,-73.9594699997005,01/05/2016 06:01:54 AM,HEAT/HOT WATER
40.6876366121506,-73.93832307109463,01/05/2016 01:07:10 PM,FLOORING/STAIRS
40.70341423569781,-73.86285397616253,01/05/2016 03:00:42 PM,Street Condition
40.869945971914,-73.83584853106716,01/05/2016 01:11:00 PM,Snow
40.821710476862634,-73.90078928961124,01/05/2016 07:29:27 PM,HEAT/HOT WATER
40.82222199644085,-73.88149829969494,01/05/2016 08:58:32 AM,Street Condition
40.67968133632851,-73.93662149072914,01/05/2016 12:17:00 PM,Missed Collection (All Materials)
40.659006230730085,-73.9504597765094,01/05/2016 04:35:39 PM,DOF Property - Update Account
40.68941942432049,-73.78748366337253,01/05/2016 05:13:35 PM,Derelict Vehicle
40.78168389718102,-73.84776177092736,01/05/2016 06:19:09 PM,Derelict Vehicle
40.6357016982456,-74.12144919100444,01/05/2016 03:45:00 PM,Homeless Encampment
40.638878265761825,-74.00604248023302,01/05/2016 01:44:00 PM,Traffic Signal Condition
40.74259486991731,-73.99416824755242,01/05/2016 01:59:13 PM,Homeless Person Assistance
40.65712778497125,-73.96225029621661,01/05/2016 11:31:46 PM,HEAT/HOT WATER
40.78943105558528,-73.9432954200378,01/05/2016 04:44:43 PM,HEAT/HOT WATER
40.879160635019176,-73.86855578314018,01/05/2016 09:11:22 AM,PAINT/PLASTER
40.8438363739567,-73.90167431143576,01/05/2016 09:08:30 AM,Street Condition
40.74044300592051,-73.99459425555807,01/05/2016 02:25:00 PM,Dirty Conditions
40.79416549573897,-73.81487886727672,01/05/2016 10:26:36 AM,Damaged Tree
40.84606574898943,-73.86211891791376,01/05/2016 03:52:53 PM,HEAT/HOT WATER
40.74901772983843,-73.99948750700044,01/05/2016 09:18:16 AM,Broken Muni Meter
40.65728157125961,-73.88422409341273,01/05/2016 04:40:22 PM,Street Condition
40.607153507488206,-73.98802882534522,01/05/2016 08:38:15 AM,Boilers
40.6759524911276,-73.87717604954648,01/05/2016 09:01:46 AM,Building/Use
40.7616264646418,-73.92786197145779,01/05/2016 01:01:09 PM,Street Condition
40.73518951213335,-73.99384414358337,01/05/2016 10:14:00 AM,Missed Collection (All Materials)
40.68545059221621,-73.98309303614639,01/05/2016 11:53:00 AM,Street Light Condition
40.689058093354,-73.99077620960053,01/05/2016 11:35:16 AM,General Construction/Plumbing
40.78205625116918,-73.94985186784126,01/05/2016 12:31:15 PM,DOF Parking - Tax Exemption
40.75948567983112,-73.98913488475046,01/05/2016 07:26:09 PM,PLUMBING
40.70479826750942,-73.79652357556445,01/05/2016 10:05:00 AM,Dirty Conditions
40.81884295273119,-73.93688998895036,01/05/2016 12:16:31 AM,HEAT/HOT WATER
40.666707724973726,-73.87182213600836,01/05/2016 07:30:00 PM,Sanitation Condition
40.8148077988588,-73.90113194581166,01/05/2016 09:16:34 AM,PAINT/PLASTER
40.717616898140854,-73.88953400663925,01/05/2016 06:31:00 PM,Snow
40.88158942242721,-73.87832585635722,01/05/2016 07:55:36 PM,ELECTRIC
40.72348328289088,-73.99840899424028,01/05/2016 12:00:00 PM,Dirty Conditions
40.81985406207682,-73.93884363507128,01/05/2016 06:35:17 PM,Building/Use
40.73151080123301,-73.98556376206908,01/05/2016 12:07:01 AM,Noise - Commercial
40.69750595540069,-73.84642490767114,01/05/2016 04:34:06 PM,Street Condition
40.76669793526638,-73.98178361829885,01/05/2016 11:02:00 AM,Sanitation Condition
40.793391453794264,-73.84256691777762,01/05/2016 11:16:00 AM,Missed Collection (All Materials)
40.7604644825167,-73.82654172911285,01/05/2016 06:58:22 AM,Street Condition
40.77451475092696,-73.82467100008647,01/05/2016 04:16:00 AM,Traffic Signal Condition
40.76439629167492,-73.96364791351051,01/05/2016 04:24:19 AM,Noise - Vehicle
40.75357990084931,-73.76430175855667,01/05/2016 10:18:00 AM,Street Condition
40.76628623437032,-73.9818487116524,01/05/2016 08:34:59 AM,Animal Abuse
40.70280156501599,-73.80210188710811,01/05/2016 03:11:00 PM,Dirty Conditions
40.69619331882127,-73.93561047013407,01/05/2016 11:29:24 AM,Derelict Vehicle
40.642100160754104,-73.96244617076525,01/05/2016 04:32:46 AM,HEAT/HOT WATER
40.8285828727782,-73.906921862543,01/05/2016 12:43:05 PM,GENERAL
40.799519297825206,-73.96832051834213,01/05/2016 04:35:00 PM,Other Enforcement
40.67480557469062,-73.97839109264238,01/05/2016 11:13:00 AM,Traffic Signal Condition
40.679978604051826,-73.9332393709123,01/05/2016 10:59:19 AM,General Construction/Plumbing
40.632056488783284,-74.1408147287265,01/05/2016 03:43:00 PM,Dirty Conditions
40.83072462260467,-73.82321477801422,01/05/2016 04:48:00 PM,Street Light Condition
40.879160635019176,-73.86855578314018,01/05/2016 09:22:16 AM,DOOR/WINDOW
40.7180193090777,-73.88022977728332,01/05/2016 02:53:00 PM,Dirty Conditions
40.86377583737143,-73.92218716596697,01/05/2016 12:22:55 PM,WATER LEAK
40.64138504719957,-73.97796231495812,01/05/2016 10:25:00 PM,Missed Collection (All Materials)
40.71028678153632,-73.95040362950343,01/05/2016 12:22:06 AM,HEAT/HOT WATER
40.599344807092564,-73.96327684574815,01/05/2016 07:54:12 PM,Building/Use
40.66645245268285,-73.75763103134312,01/05/2016 08:19:00 AM,Traffic Signal Condition
40.80275152457796,-73.93357496293186,01/05/2016 05:50:20 PM,Street Condition
40.905878576767435,-73.8472059605144,01/05/2016 06:36:48 AM,Street Condition
40.860067112089645,-73.90999042934799,01/05/2016 09:52:14 AM,HEAT/HOT WATER
40.82930946985337,-73.88759243103779,01/05/2016 12:06:17 PM,DOF Property - Update Account
40.875722699167746,-73.86481280073414,01/05/2016 06:11:01 AM,PLUMBING
40.69244356445399,-73.83006870962694,01/05/2016 04:23:51 PM,Noise - Street/Sidewalk
40.54804067448235,-74.21378666124045,01/05/2016 11:46:01 AM,Street Condition
40.75956956551904,-73.83013930521312,01/05/2016 07:01:21 AM,Street Condition
40.57969498718241,-73.94937741916624,01/05/2016 04:42:58 PM,Street Condition
40.84359258578997,-73.93790379522149,01/05/2016 01:35:57 PM,HEAT/HOT WATER
40.85497249121604,-73.91297596595965,01/05/2016 07:43:24 AM,HEAT/HOT WATER
40.777556434545225,-73.90789585077256,01/05/2016 10:23:00 AM,Street Light Condition
40.60888278057292,-73.98853993247702,01/05/2016 06:00:10 PM,Building/Use
40.84606574898943,-73.86211891791376,01/05/2016 09:14:48 AM,HEAT/HOT WATER
40.80907746208192,-73.8572249263579,01/05/2016 09:06:34 AM,Street Condition
40.74649755670853,-73.87635306849555,01/05/2016 11:54:58 AM,Building/Use
40.78169481598015,-73.9518922857746,01/05/2016 10:41:12 AM,Broken Muni Meter
40.696385163778615,-73.83200965169088,01/05/2016 03:01:31 PM,Street Condition
40.73612438463896,-73.72063302812747,01/05/2016 09:17:49 AM,DOF Property - Update Account
40.684886393482536,-74.00202636665267,01/05/2016 01:45:00 PM,Missed Collection (All Materials)
40.864189772880415,-73.90335428261925,01/05/2016 10:56:00 PM,Animal Abuse
40.83927739216559,-73.87602161316528,01/05/2016 01:30:00 PM,Missed Collection (All Materials)
40.89064354979995,-73.8563119128346,01/05/2016 09:58:00 AM,Derelict Vehicles
40.54373326111788,-74.15435147376613,01/05/2016 02:49:21 PM,Street Condition
40.785193255711675,-73.94933312250613,01/05/2016 01:01:26 AM,Street Condition
40.75608531391131,-73.99432588397273,01/05/2016 09:40:48 AM,HEAT/HOT WATER
40.64535797539355,-74.08072918902054,01/05/2016 09:07:36 PM,Elevator
40.90019903400656,-73.90537464517307,01/05/2016 08:55:27 AM,Street Condition
40.64535797539355,-74.08072918902054,01/05/2016 03:26:12 PM,Elevator
40.811281817708476,-73.88177426515016,01/05/2016 01:01:19 PM,Street Condition
40.8214419232988,-73.80939787664892,01/05/2016 12:08:06 PM,Street Condition
40.667923338791354,-73.93288015111135,01/05/2016 12:31:42 PM,UNSANITARY CONDITION
40.76258391153354,-73.92711730701906,01/05/2016 11:22:41 AM,Street Condition
40.6816188247586,-73.73583490725395,01/05/2016 10:39:45 AM,Street Condition
40.70215156283404,-73.7488887242364,01/05/2016 10:41:07 AM,Street Condition
40.81435427546139,-73.89127008142482,01/05/2016 01:03:14 PM,Street Condition
40.834296915395264,-73.91712266571834,01/05/2016 11:53:45 AM,Street Condition
40.84193955558066,-73.84215205204343,01/05/2016 09:08:43 AM,Street Condition
40.88456579021349,-73.85549687751224,01/05/2016 01:20:49 PM,Street Condition
40.6253735323168,-73.94274313950709,01/05/2016 07:34:45 AM,General Construction/Plumbing
40.811355947358436,-73.88179580840558,01/05/2016 01:02:04 PM,Street Condition
40.66645580127393,-73.78411799228441,01/05/2016 11:12:13 AM,Street Condition
40.660918980776735,-73.8578087588301,01/05/2016 09:41:58 AM,Boilers
40.67367316993972,-73.85496243107345,01/05/2016 02:15:14 PM,Animal Abuse
40.8158809472464,-73.96055980708263,01/05/2016 03:11:32 PM,Street Condition
40.7639826174663,-73.97744163122745,01/05/2016 09:11:39 AM,Broken Muni Meter
40.728689706656205,-73.99051094767617,01/05/2016 12:32:15 PM,Homeless Person Assistance
40.81453554135292,-73.95914444206745,01/05/2016 12:43:08 AM,Noise - Commercial
40.66547790449218,-73.95593754526789,01/05/2016 05:00:38 PM,Indoor Sewage
40.775389733120754,-73.95781811881871,01/05/2016 08:31:00 AM,Missed Collection (All Materials)
40.82220506426356,-73.85689326155203,01/05/2016 04:06:26 AM,HEAT/HOT WATER
40.626569861843265,-73.97092074758424,01/05/2016 02:59:02 PM,Traffic
40.688931453698274,-73.90504343933692,01/05/2016 12:08:56 PM,Animal Abuse
40.66725228143263,-73.95219471334256,01/05/2016 09:24:05 AM,Broken Muni Meter
40.80556062038998,-73.92238164845482,01/05/2016 08:57:00 AM,Snow
40.75948567983112,-73.98913488475046,01/05/2016 07:32:38 PM,Electrical
40.65277424168369,-73.94745154398146,01/05/2016 06:44:53 PM,Street Condition
40.63323648628878,-73.95292884080753,01/05/2016 11:30:40 AM,School Maintenance
40.74192726789565,-73.87867474305312,01/05/2016 03:15:15 PM,Broken Muni Meter
40.85470093199105,-73.91319682663408,01/05/2016 08:28:57 AM,School Maintenance
40.646783667555965,-73.89979535337932,01/05/2016 04:38:35 PM,Street Condition
40.820482347485935,-73.91284042061145,01/05/2016 05:18:25 PM,HEAT/HOT WATER
40.536505838288576,-74.20227689054937,01/05/2016 12:21:01 PM,Street Condition
40.63395524036128,-74.08574862455268,01/05/2016 11:37:00 AM,Street Light Condition
40.66978996683012,-73.9493126440319,01/05/2016 09:25:53 AM,HEAT/HOT WATER
40.86486268896023,-73.84988520923959,01/05/2016 03:12:00 PM,Sanitation Condition
40.55460431794495,-74.15921671764963,01/05/2016 01:39:35 PM,Street Condition
40.804846975959826,-73.94648263738505,01/05/2016 03:05:12 PM,Street Condition
40.69303249668663,-73.92827515750153,01/05/2016 09:32:51 AM,Street Condition
40.7698624400816,-73.91815595458225,01/05/2016 05:59:51 PM,Street Condition
40.747073423764526,-73.88932275837657,01/05/2016 11:37:17 PM,Noise - Commercial
40.64107612617054,-73.98583915946439,01/05/2016 01:20:12 AM,Noise - Commercial
40.72868718585404,-74.00620215981344,01/05/2016 02:31:34 PM,Street Condition
40.77380787209609,-73.89288877802092,01/05/2016 07:08:44 AM,Street Condition
40.66806675784371,-73.87719057067457,01/05/2016 12:34:28 PM,Animal Abuse
40.586224654842,-73.94305032791398,01/05/2016 08:31:20 AM,General Construction/Plumbing
40.71250706553015,-73.7328015256955,01/05/2016 07:54:00 PM,Derelict Vehicles
40.89571806450783,-73.84333734211845,01/05/2016 07:40:59 AM,Animal Abuse
40.74866727399602,-73.90698660151831,01/05/2016 09:12:44 PM,Derelict Vehicle
40.66611621871263,-73.93109407751078,01/05/2016 08:35:52 AM,HEAT/HOT WATER
40.68804212111862,-73.83274462160122,01/05/2016 10:31:00 AM,Street Light Condition
40.682589254266915,-73.84120241812587,01/05/2016 04:03:38 PM,School Maintenance
40.61190000485082,-73.93375406398845,01/05/2016 02:03:06 PM,Special Enforcement
40.868417101467244,-73.92633966025667,01/05/2016 05:32:28 AM,Street Condition
40.74434617935914,-73.92889837899675,01/05/2016 10:08:00 AM,Traffic Signal Condition
40.88694378195438,-73.82824424870587,01/05/2016 03:25:03 PM,Animal Abuse
40.701756163963104,-73.78544991009501,01/05/2016 04:39:53 PM,Derelict Vehicle
40.733862870589746,-73.95365879628267,01/05/2016 03:41:57 PM,HEAT/HOT WATER
40.79123738870302,-73.94390781869758,01/05/2016 09:05:40 PM,School Maintenance
40.76840212897668,-73.9678876607216,01/05/2016 05:07:00 PM,Missed Collection (All Materials)
40.78138750196465,-73.9521236028916,01/05/2016 09:18:00 AM,Sweeping/Inadequate
40.613340363275306,-74.01108624866866,01/05/2016 06:59:14 AM,Traffic
40.681566201671174,-73.95199336300888,01/05/2016 02:24:00 PM,Dirty Conditions
40.63323648628878,-73.95292884080753,01/05/2016 11:33:30 AM,School Maintenance
40.71574134490973,-73.9403532277842,01/05/2016 01:15:13 AM,Elevator
40.73866806917166,-73.97878536364476,01/05/2016 10:37:00 AM,Collection Truck Noise
40.74866727399602,-73.90698660151831,01/05/2016 07:47:45 PM,Derelict Vehicle
40.84926030995202,-73.91237980995722,01/05/2016 11:55:20 AM,Elevator
40.60711999215871,-73.98338298065957,01/05/2016 10:51:29 AM,Overgrown Tree/Branches
40.602833889764675,-73.76574864200023,01/05/2016 11:12:02 PM,Noise - Vehicle
40.77377051987597,-73.82083865681722,01/05/2016 10:18:56 AM,Street Condition
40.76092853692368,-73.96913301834103,01/05/2016 09:25:00 AM,Snow
40.6822348771981,-73.90927500751258,01/05/2016 11:38:00 AM,Street Light Condition
40.84627367113683,-73.90833563366328,01/05/2016 06:50:51 AM,HEAT/HOT WATER
40.84702093049744,-73.9203670235477,01/05/2016 02:12:16 PM,HEAT/HOT WATER
40.72665117854232,-73.94468015285632,01/05/2016 02:13:18 PM,DOF Property - Update Account
40.81295587362912,-73.88702397690774,01/05/2016 05:02:28 PM,Building/Use
40.780179515920196,-73.89711399378174,01/05/2016 09:21:00 AM,Derelict Vehicles
40.67137129831277,-73.91314703411085,01/05/2016 07:32:36 AM,HEAT/HOT WATER
40.712937152448745,-73.78043964246613,01/05/2016 12:17:56 AM,Noise - Vehicle
40.58366903894329,-73.94842756199074,01/05/2016 11:44:00 AM,Street Light Condition
40.681419261812074,-73.98924855657039,01/05/2016 06:19:00 PM,Missed Collection (All Materials)
40.83552363790561,-73.88773009770723,01/05/2016 06:31:30 AM,Street Condition
40.758962536095325,-73.8298412521728,01/05/2016 07:11:20 PM,Consumer Complaint
40.83236147097698,-73.85327946664536,01/05/2016 03:20:46 PM,UNSANITARY CONDITION
40.6424980986236,-73.92356585558286,01/05/2016 08:50:00 AM,Derelict Vehicles
40.78045222551805,-73.95378524794326,01/05/2016 08:50:12 AM,Taxi Complaint
40.86871007452637,-73.92523657677802,01/05/2016 05:35:28 AM,Street Condition
40.871267551085054,-73.85754697853388,01/05/2016 12:06:00 PM,Derelict Vehicles
40.7419035930468,-73.87201669054771,01/05/2016 09:00:18 AM,Street Condition
40.74841738474301,-73.71805150392419,01/05/2016 10:55:53 PM,Noise - Vehicle
40.86600521361809,-73.88940321003247,01/05/2016 01:51:51 PM,ELECTRIC
40.886190990633104,-73.85798515292602,01/05/2016 01:17:50 PM,Street Condition
40.89213300383374,-73.85340433798989,01/05/2016 01:12:30 PM,Street Condition
40.82810327115102,-73.82312056739887,01/05/2016 12:42:34 PM,Street Condition
40.595381818675996,-73.74763747806992,01/05/2016 10:51:30 AM,Street Condition
40.82370903003892,-73.82677431707594,01/05/2016 12:27:34 PM,Street Condition
40.677213290268476,-73.95271754047013,01/05/2016 05:50:56 PM,PAINT/PLASTER
40.59578534411046,-73.74640806712031,01/05/2016 10:50:56 AM,Street Condition
40.83383763294279,-73.91585843990595,01/05/2016 11:54:17 AM,Street Condition
40.71942662137827,-73.8646861079004,01/05/2016 09:15:35 AM,Street Condition
40.810886500273526,-73.88169910562834,01/05/2016 12:58:51 PM,Street Condition
40.66650466090436,-73.93845435512146,01/05/2016 03:11:51 PM,PAINT/PLASTER
40.85550352114033,-73.88891820346765,01/05/2016 07:16:04 PM,WATER LEAK
40.63465609748921,-73.94785492638508,01/05/2016 08:41:33 AM,UNSANITARY CONDITION
40.63465609748921,-73.94785492638508,01/05/2016 08:41:33 AM,UNSANITARY CONDITION
40.68093505642203,-73.98064610006621,01/05/2016 10:24:18 AM,PAINT/PLASTER
40.696630980197384,-73.97352637321214,01/05/2016 09:25:41 AM,Graffiti
40.821422341081664,-73.83786868672205,01/05/2016 09:08:04 AM,Street Condition
40.849452906477275,-73.90599986315169,01/05/2016 11:29:28 AM,Street Condition
40.834936821655944,-73.86996579520905,01/05/2016 12:11:28 PM,UNSANITARY CONDITION
40.746154906916665,-73.99656427908377,01/05/2016 09:11:11 AM,HEAT/HOT WATER
40.68842155270544,-73.96405712767785,01/05/2016 03:48:27 PM,Elevator
40.77550930994473,-73.96229872543007,01/05/2016 06:59:16 PM,Non-Residential Heat
40.68712620371631,-73.97513831393178,01/05/2016 11:54:28 PM,Noise - Commercial
40.63493593302711,-73.88946550460672,01/05/2016 05:30:22 PM,Street Condition
40.76500583390511,-73.97468687591396,01/05/2016 07:42:54 PM,Broken Muni Meter
40.70796072817267,-73.78325498326284,01/05/2016 12:34:43 PM,Broken Muni Meter
40.73664170689217,-73.87947100696772,01/05/2016 03:27:00 PM,Dirty Conditions
40.63323648628878,-73.95292884080753,01/05/2016 11:38:08 AM,School Maintenance
40.65812460625675,-73.7269354508639,01/05/2016 10:00:57 AM,Street Condition
40.83916245278544,-73.8165498172164,01/05/2016 04:20:13 PM,Dead Tree
40.68644129400287,-73.92248785519604,01/05/2016 01:16:36 PM,SAFETY
40.80080183346406,-73.96173900145499,01/05/2016 02:14:11 PM,WATER LEAK
40.71983819777727,-73.84498454844439,01/05/2016 10:18:09 AM,Special Enforcement
40.71978609470951,-73.99852452322475,01/05/2016 10:10:00 AM,Street Light Condition
40.859349007405164,-73.90115972414316,01/05/2016 04:35:00 PM,Street Light Condition
40.68133446965376,-73.99310639380651,01/05/2016 10:19:00 AM,Dirty Conditions
40.729328253655105,-73.82311214742477,01/05/2016 10:33:00 AM,Street Light Condition
40.84446567790932,-73.8793479310709,01/05/2016 09:52:00 AM,DOOR/WINDOW
40.6933384457756,-73.94011363072792,01/05/2016 01:48:44 PM,PLUMBING
40.71078729861446,-73.95994386765298,01/05/2016 06:14:00 AM,Traffic Signal Condition
40.71939633294734,-74.00188311582531,01/05/2016 12:23:41 PM,Street Condition
40.80080183346406,-73.96173900145499,01/05/2016 02:14:11 PM,UNSANITARY CONDITION
40.670695564590915,-73.93288096618957,01/05/2016 10:26:08 AM,PAINT/PLASTER
40.6933384457756,-73.94011363072792,01/05/2016 01:48:44 PM,UNSANITARY CONDITION
40.644457207866125,-73.98227823334946,01/05/2016 08:50:00 PM,Derelict Vehicles
40.762484591292456,-73.90731024020067,01/05/2016 12:31:00 PM,Traffic Signal Condition
40.77328708514943,-73.77663384645435,01/05/2016 12:04:08 PM,Street Sign - Damaged
40.69682583404644,-73.74229123099843,01/05/2016 11:49:00 PM,Sanitation Condition
40.90198984461106,-73.91041838838946,01/05/2016 03:16:09 PM,Street Condition
40.90102113623506,-73.91062950098458,01/05/2016 03:16:58 PM,Street Condition
40.549093797686275,-74.17363282481907,01/05/2016 10:21:23 PM,Posting Advertisement
40.69171276477558,-73.8647387451461,01/05/2016 10:59:00 AM,Traffic Signal Condition
40.70560939307474,-73.81526906077585,01/05/2016 11:12:00 AM,Derelict Vehicles
40.689909321116126,-73.85559781372045,01/05/2016 07:19:11 PM,Animal Abuse
40.664410795356666,-73.74889022606233,01/05/2016 10:21:22 AM,Building/Use
40.71695624248117,-73.99817827839759,01/05/2016 02:30:20 PM,Street Condition
40.73636259571357,-73.88569243379513,01/05/2016 10:16:03 PM,Building/Use
40.75645319497895,-74.00354453734707,01/05/2016 09:00:49 PM,Emergency Response Team (ERT)
40.77458654005163,-73.82860264388731,01/05/2016 09:39:40 AM,Derelict Vehicle
40.63244044468481,-73.95279970142845,01/05/2016 10:47:15 AM,Non-Residential Heat
40.67516895847623,-73.82525302826542,01/05/2016 08:45:44 AM,Traffic
40.62333041082402,-73.9309365192834,01/05/2016 08:39:19 AM,Derelict Vehicle
40.68613172184375,-73.9233644009622,01/05/2016 07:26:23 AM,DOOR/WINDOW
40.77020810247654,-73.91791003240132,01/05/2016 08:48:04 PM,Street Condition
40.765611101561205,-73.98232180629114,01/05/2016 08:06:41 AM,Street Sign - Dangling
40.82100048466638,-73.89558038475082,01/05/2016 07:33:02 AM,HEAT/HOT WATER
40.68529292083356,-73.9761990605263,01/05/2016 11:34:49 AM,Street Condition
40.661926360323726,-73.99893309950531,01/05/2016 09:55:15 AM,Electrical
40.801604734282364,-73.966358233146,01/05/2016 04:17:50 PM,DOF Parking - Tax Exemption
40.67679086225694,-73.87575045132742,01/05/2016 07:15:56 AM,Damaged Tree
40.64107612617054,-73.98583915946439,01/05/2016 01:43:47 AM,Noise - Commercial
40.72982593855549,-74.0106004985172,01/05/2016 04:06:50 PM,Street Condition
40.71120965026345,-73.95897331500413,01/05/2016 01:38:35 PM,PAINT/PLASTER
40.871843375129416,-73.89857395195848,01/05/2016 01:11:52 AM,Elevator
40.81611571840184,-73.89961264911919,01/05/2016 10:02:00 AM,Missed Collection (All Materials)
40.71540516353688,-73.99163831205578,01/05/2016 09:54:03 AM,General Construction/Plumbing
40.69091778097253,-73.85216275026895,01/05/2016 11:24:24 PM,Street Condition
40.8700581754875,-73.8652654296978,01/05/2016 02:19:37 PM,FLOORING/STAIRS
40.847857858086584,-73.93789981350722,01/05/2016 06:59:10 AM,HEAT/HOT WATER
40.84665811698872,-73.85943941391014,01/05/2016 04:29:00 PM,Street Light Condition
40.77023090945557,-73.98523044573439,01/05/2016 01:25:00 PM,Homeless Encampment
40.83446695490963,-73.9208409948776,01/05/2016 01:08:40 PM,SAFETY
40.75189510945596,-73.77980594116366,01/05/2016 12:00:00 PM,Traffic Signal Condition
40.64503810578165,-73.95063230417935,01/05/2016 01:39:31 AM,HEAT/HOT WATER
40.75009022400824,-73.89861495888424,01/05/2016 11:22:09 AM,Street Condition
40.89521732316935,-73.91217816568299,01/05/2016 08:52:53 AM,Street Condition
40.81936676057679,-73.82130119524398,01/05/2016 12:26:09 PM,Street Condition
40.89294592593249,-73.85597779582639,01/05/2016 01:16:39 PM,Street Condition
40.59513303099086,-73.75060547988436,01/05/2016 10:52:56 AM,Street Condition
40.905878576767435,-73.8472059605144,01/05/2016 01:14:33 PM,Street Condition
40.81659596926535,-73.81181786646735,01/05/2016 12:11:23 PM,Street Condition
40.820265744205166,-73.81871911535248,01/05/2016 12:25:35 PM,Street Condition
40.82816427520135,-73.82532819621682,01/05/2016 12:28:08 PM,Street Condition
40.575451982551996,-73.86269195391996,01/05/2016 12:00:00 PM,Water System
40.769849269458305,-73.98431353078193,01/05/2016 08:47:19 PM,Homeless Encampment
40.7468286859618,-73.98153281317363,01/05/2016 10:51:16 AM,Homeless Person Assistance
40.52505822683742,-74.23755423914959,01/05/2016 09:09:49 AM,Street Condition
40.855187823453626,-73.93106086962486,01/05/2016 12:56:41 AM,Building/Use
40.75183485119332,-73.98000470908066,01/05/2016 12:40:14 PM,Food Poisoning
40.62897142525617,-74.0156137281216,01/05/2016 01:08:36 PM,General Construction/Plumbing
40.71869368636248,-74.00090547335071,01/05/2016 12:24:15 PM,Street Condition
40.74865480921658,-73.98809723443675,01/05/2016 06:21:29 PM,Homeless Person Assistance
40.64900866402433,-73.97160287734947,01/05/2016 03:30:51 AM,Noise - Commercial
40.69120655753813,-73.98437891021726,01/05/2016 12:44:34 AM,Noise - Commercial
40.71152949531443,-73.8959430523145,01/05/2016 12:34:49 AM,Noise - Street/Sidewalk
40.646827321390894,-73.9995855885429,01/05/2016 11:39:47 AM,Building/Use
40.74611005473971,-73.98491820576696,01/05/2016 06:56:05 PM,Indoor Sewage
40.765511536438616,-73.97794651330857,01/05/2016 03:41:50 AM,Noise - Commercial
40.882302994673566,-73.85676028412166,01/05/2016 10:05:07 AM,HEAT/HOT WATER
40.749985795370634,-73.98615887871587,01/05/2016 09:28:27 AM,Homeless Person Assistance
40.732985639330835,-74.00001082471186,01/05/2016 01:56:39 PM,Homeless Person Assistance
40.754352978199876,-73.9888361421751,01/05/2016 02:09:57 PM,Homeless Person Assistance
40.729905998523414,-73.97473989784582,01/05/2016 01:19:06 PM,Noise - Vehicle
40.709352739631754,-73.83288953320651,01/05/2016 11:22:50 AM,Overgrown Tree/Branches
40.6899201428944,-73.79112043797636,01/05/2016 07:52:51 PM,Street Condition
40.72149806161636,-73.98666625363052,01/05/2016 05:42:51 AM,Street Condition
40.754660510908366,-73.88711201906968,01/05/2016 03:03:23 PM,School Maintenance
40.78870580818814,-73.94775232980113,01/05/2016 11:28:08 AM,HEAT/HOT WATER
40.63323648628878,-73.95292884080753,01/05/2016 11:31:36 AM,School Maintenance
40.605334540935694,-73.75527433977965,01/05/2016 08:05:22 AM,Street Condition
40.76199612367882,-73.95984448455853,01/05/2016 11:44:11 AM,Advocate-Personal Exemptions
40.75388355181739,-73.80647990031616,01/05/2016 09:03:43 PM,PLUMBING
40.735892140234014,-73.99332807822928,01/05/2016 10:46:42 AM,Homeless Person Assistance
40.606064952503544,-74.06557749241097,01/05/2016 10:24:44 AM,Animal Abuse
40.71828299511759,-73.93056396221091,01/05/2016 11:22:24 AM,Derelict Vehicle
40.760191596315636,-73.82760008717513,01/05/2016 11:35:37 AM,Building/Use
40.71477390496814,-73.95575705972936,01/05/2016 07:42:39 AM,Derelict Vehicle
40.87022332474391,-73.91469515186121,01/05/2016 08:57:21 AM,Taxi Report
40.73408027376275,-73.98903077842132,01/05/2016 10:22:53 AM,Homeless Person Assistance
40.621857108978475,-73.93202951968298,01/05/2016 08:49:58 AM,Derelict Vehicle
40.61716111653954,-74.0840485290193,01/05/2016 02:27:58 PM,Derelict Vehicle
40.72896633080034,-73.9849220857829,01/05/2016 10:14:23 AM,Taxi Report
40.71526717494076,-73.9844201658324,01/05/2016 07:57:50 AM,Noise - Vehicle
40.8602213546592,-73.90720656103667,01/05/2016 02:36:03 PM,Elevator
40.80760841364372,-73.92693073822002,01/05/2016 06:33:45 AM,Street Condition
40.634696128324194,-73.90359657493879,01/05/2016 12:59:50 PM,Building/Use
40.67675914594147,-73.80533371889476,01/05/2016 10:38:44 AM,Overgrown Tree/Branches
40.76379924540603,-73.96805954559323,01/05/2016 11:06:09 AM,Damaged Tree
40.796244725719056,-73.93524643401405,01/05/2016 01:35:19 PM,DOOR/WINDOW
40.7468067314407,-73.98155447317501,01/05/2016 10:48:13 AM,Homeless Person Assistance
40.60403589657226,-73.99420195813649,01/05/2016 12:57:41 AM,Noise - Street/Sidewalk
40.689706611038645,-73.77679844732224,01/05/2016 03:40:36 PM,Building/Use
40.86137704940763,-73.90742547602008,01/05/2016 07:31:25 AM,DOOR/WINDOW
40.70021784917865,-73.82529556496364,01/05/2016 07:30:07 AM,Animal Abuse
40.81099627532962,-73.90888274058422,01/05/2016 10:04:19 AM,Animal Abuse
40.842824951669186,-73.85377683375873,01/05/2016 09:19:52 AM,Derelict Vehicle
40.67170325360131,-73.99853640169844,01/05/2016 07:33:05 AM,Bridge Condition
40.84265653536661,-73.92397559264802,01/05/2016 03:34:41 AM,Noise - Commercial
40.73730821447479,-73.99026434422663,01/05/2016 01:50:20 PM,Homeless Person Assistance
40.736399985114105,-73.99457654145579,01/05/2016 11:46:50 AM,Homeless Person Assistance
40.80662250437246,-73.91056841549307,01/05/2016 02:32:59 PM,Animal Abuse
40.77879404063979,-73.98205472388632,01/05/2016 03:53:41 PM,Taxi Report
40.76476214995748,-73.86982122773057,01/05/2016 04:02:02 PM,Overgrown Tree/Branches
40.670040390664454,-73.92120196559964,01/05/2016 02:26:00 PM,HEAT/HOT WATER
40.7490227784403,-73.98990893986948,01/05/2016 06:03:47 PM,Homeless Person Assistance
40.60350097675094,-73.9569435802119,01/05/2016 04:34:43 PM,General Construction/Plumbing
40.9096076086969,-73.89868997155168,01/05/2016 10:48:37 AM,Derelict Vehicle
40.58497291721437,-74.09785455100219,01/05/2016 06:11:24 PM,Derelict Vehicle
40.75665436671015,-73.9785666735876,01/05/2016 02:46:18 PM,For Hire Vehicle Report
40.76909969833526,-73.98252666131347,01/05/2016 08:58:48 AM,Homeless Person Assistance
40.57893907931453,-73.95329110033586,01/05/2016 07:24:47 AM,Noise - Commercial
40.65863601202033,-73.95122414530985,01/05/2016 05:21:22 PM,Derelict Vehicle
40.84495235369874,-73.83180795702172,01/05/2016 04:30:01 PM,General Construction/Plumbing
40.76091321982277,-73.99257835358914,01/05/2016 04:32:37 PM,Homeless Person Assistance
40.760786274261,-73.9709162975713,01/05/2016 11:33:14 AM,Homeless Person Assistance
40.67929416643323,-73.98377961007212,01/05/2016 06:57:00 PM,Noise - Commercial
40.64242911140708,-74.08098148276159,01/05/2016 04:29:21 PM,UNSANITARY CONDITION
40.73035479210307,-73.86577881967943,01/05/2016 01:32:30 PM,Building/Use
40.58945494837769,-73.98708147085144,01/05/2016 12:47:18 AM,Noise - Vehicle
40.73457364106522,-73.9833006797623,01/05/2016 02:08:42 AM,Noise - Commercial
40.72616206569638,-73.95616079615964,01/05/2016 01:47:17 AM,Noise - Vehicle
40.712753521195,-73.73373839901154,01/05/2016 09:35:49 AM,HEAT/HOT WATER
40.84700715687885,-73.93819337596233,01/05/2016 12:23:25 AM,Noise - Commercial
40.620094745249226,-74.15566272903655,01/05/2016 12:08:40 PM,Animal Abuse
40.75889794131932,-73.98579606268117,01/05/2016 11:41:09 AM,Homeless Person Assistance
40.76051195589383,-73.97154090040742,01/05/2016 07:48:06 AM,Homeless Person Assistance
40.72677961079651,-73.99439332143193,01/05/2016 12:16:51 AM,Street Condition
40.681060063484615,-73.73875392482088,01/05/2016 12:10:56 PM,Sidewalk Condition
40.76072733682875,-73.74377667107001,01/05/2016 05:48:13 PM,Overgrown Tree/Branches
40.80947817793993,-73.91575196452845,01/05/2016 10:49:43 PM,HEAT/HOT WATER
40.68216220481194,-73.88618554979115,01/05/2016 11:58:25 AM,Building/Use
40.586943388250475,-73.94798579100785,01/05/2016 07:45:51 AM,Derelict Vehicle
40.78909889335373,-73.84887153616813,01/05/2016 10:34:44 AM,Building/Use
40.58016997865531,-74.00275038576783,01/05/2016 07:43:13 AM,Elevator
40.725995077353744,-73.79906012845714,01/05/2016 09:22:46 AM,Derelict Vehicle
40.77537887334544,-73.90012537750057,01/05/2016 04:16:55 PM,General Construction/Plumbing
40.76139645225346,-73.99566826833663,01/05/2016 04:21:14 PM,Noise - Commercial
40.639429420085435,-74.0281732522089,01/05/2016 03:50:05 PM,Animal Abuse
40.64291022430126,-74.00817243487163,01/05/2016 10:43:12 AM,Building/Use
40.73669644941523,-73.99528016278244,01/05/2016 12:06:26 PM,Homeless Person Assistance
40.690256466392306,-73.85445398212286,01/05/2016 02:11:57 PM,Street Condition
40.736628262017724,-73.93405946089248,01/05/2016 09:59:47 AM,Derelict Vehicle
40.64846301064495,-74.00682534385149,01/05/2016 01:12:23 PM,Homeless Person Assistance
40.63323648628878,-73.95292884080753,01/05/2016 11:31:09 AM,School Maintenance
40.63200625490127,-74.1223503667204,01/05/2016 09:09:58 AM,Street Condition
40.84881318089625,-73.91272016401604,01/05/2016 03:47:46 PM,PAINT/PLASTER
40.73868641781212,-73.99587543190957,01/05/2016 03:47:39 PM,Noise - House of Worship
40.810269642501694,-73.95748173161365,01/05/2016 09:37:41 AM,School Maintenance
40.80405405625826,-73.91881827120142,01/05/2016 04:07:44 PM,Derelict Vehicle
40.727874046227406,-73.98593616984324,01/05/2016 01:15:50 AM,Noise - Commercial
40.73875785506074,-74.00019486169343,01/05/2016 01:52:41 AM,Noise - Commercial
40.671139070721644,-73.9813410818113,01/05/2016 12:53:00 AM,Noise
40.70931729883858,-73.93299717676499,01/05/2016 10:31:12 AM,Traffic
40.65928750888778,-73.92291947856883,01/05/2016 08:51:10 AM,School Maintenance
40.66683304362069,-73.98494334049383,01/05/2016 12:19:00 PM,Traffic Signal Condition
40.58523508280504,-73.93514861143801,01/05/2016 12:51:54 PM,Derelict Vehicle
40.69245883961735,-73.9904908616587,01/05/2016 09:09:09 AM,Taxi Report
40.66363317851981,-73.8330076766149,01/05/2016 03:12:29 PM,Derelict Vehicle
40.74982407737251,-73.97220233150266,01/05/2016 08:43:32 AM,Taxi Report
40.78920157198936,-73.84557780712213,01/05/2016 03:51:05 PM,Derelict Vehicle
40.847562112985365,-73.89370977474724,01/05/2016 06:46:28 PM,Elevator
40.677582077163144,-73.94861812081345,01/05/2016 12:49:22 AM,Noise - Street/Sidewalk
40.765440563155224,-73.9038188686141,01/05/2016 10:18:56 AM,Special Enforcement
40.83369342194185,-73.91384579105615,01/05/2016 07:42:07 PM,Noise - Street/Sidewalk
40.744772017017596,-73.91717629195041,01/05/2016 01:42:01 PM,Building/Use
40.8469786475534,-73.93624161482148,01/05/2016 05:06:58 PM,Homeless Person Assistance
40.818714842178416,-73.88757781070743,01/05/2016 02:14:59 PM,PLUMBING
40.877594597186786,-73.84516639433805,01/05/2016 08:16:05 PM,Consumer Complaint
40.72968643549426,-73.99860368130425,01/05/2016 10:26:16 AM,Street Condition
40.664410795356666,-73.74889022606233,01/05/2016 09:21:35 AM,Building/Use
40.88267432417957,-73.85740319723789,01/05/2016 02:17:43 PM,Building/Use
40.834966437639864,-73.94420341788933,01/05/2016 12:06:20 PM,Vending
40.57684325055387,-74.00370779612805,01/05/2016 01:43:04 PM,Derelict Vehicle
40.77786235677472,-73.95678029037363,01/05/2016 01:21:58 PM,Homeless Person Assistance
40.838137169086025,-73.93991462454177,01/05/2016 06:02:36 PM,Noise - Commercial
40.74084924198409,-74.00512430167572,01/05/2016 10:07:38 AM,Sidewalk Condition
40.723021211506314,-73.73352059888624,01/05/2016 03:57:20 PM,Derelict Vehicle
40.83839443337161,-73.91293982816616,01/05/2016 07:42:00 PM,Water System
40.74175272557469,-73.97649645790503,01/05/2016 11:49:52 AM,Homeless Person Assistance
40.742866728050664,-74.00213639327606,01/05/2016 10:21:13 AM,School Maintenance
40.6096518086361,-73.95626611930679,01/05/2016 04:23:47 AM,Noise - Vehicle
40.73799720013413,-73.8509721280288,01/05/2016 10:49:08 AM,Street Condition
40.849054045684866,-73.85704152672324,01/05/2016 01:42:46 PM,Root/Sewer/Sidewalk Condition
40.67355891530333,-73.95016056503779,01/05/2016 04:47:35 PM,Noise - Commercial
40.722604968387486,-73.99917745003964,01/05/2016 12:33:26 PM,Vending
40.664410795356666,-73.74889022606233,01/05/2016 09:41:57 AM,Building/Use
40.693649253612875,-73.98332174811078,01/05/2016 07:44:53 AM,Traffic
40.77916026225103,-73.95584426633688,01/05/2016 11:26:27 AM,Sidewalk Condition
40.80482179264163,-73.94545681211618,01/05/2016 10:29:56 AM,Homeless Person Assistance
40.73862276911238,-73.85079030143399,01/05/2016 10:44:57 AM,Street Condition
40.594483694744575,-74.06722966706447,01/05/2016 09:27:35 AM,Animal Abuse
40.782646544672794,-73.95708411392287,01/05/2016 10:27:43 AM,For Hire Vehicle Report
40.70773929208317,-73.76958201179508,01/05/2016 10:56:17 AM,Animal Abuse
40.67172216576643,-73.99154645567597,01/05/2016 06:27:48 PM,Animal Abuse
40.76091321982277,-73.99257835358914,01/05/2016 08:14:47 AM,Homeless Person Assistance
40.70739845998282,-74.0111054982079,01/05/2016 11:30:59 AM,Fire Safety Director - F58
40.691737361676935,-73.86464854501313,01/05/2016 08:33:34 AM,Street Sign - Missing
40.608667806123364,-73.96894050727303,01/05/2016 03:23:12 PM,Root/Sewer/Sidewalk Condition
40.63244044468481,-73.95279970142845,01/05/2016 09:51:54 AM,Non-Residential Heat
40.74967280786706,-73.98545877035865,01/05/2016 09:09:31 PM,Homeless Person Assistance
40.71959758005145,-73.94558427834566,01/05/2016 08:16:27 PM,Homeless Person Assistance
40.756686816470456,-73.92086123783152,01/05/2016 09:00:56 AM,Homeless Person Assistance
40.71252679267581,-73.85826498740344,01/05/2016 01:36:36 AM,Noise - Vehicle
40.645952686442776,-73.95197214109083,01/05/2016 02:08:34 AM,Noise - Commercial
40.676969061216866,-73.98189104730241,01/05/2016 12:00:00 AM,Rodent
40.74173312459783,-74.00308183921501,01/05/2016 01:26:25 AM,Noise - Commercial
40.74686841597357,-73.99361569811118,01/05/2016 11:05:39 AM,Homeless Person Assistance
40.756674628010984,-73.82880755283979,01/05/2016 05:07:44 PM,Homeless Person Assistance
40.70868262895758,-73.95410191840527,01/05/2016 07:36:47 PM,Homeless Person Assistance
40.730043020888345,-73.99254571094131,01/05/2016 11:03:36 AM,Homeless Person Assistance
40.689857673000375,-73.92533615439946,01/05/2016 02:04:56 PM,Non-Residential Heat
40.73173111887296,-73.85112686067622,01/05/2016 12:00:00 AM,Food Poisoning
40.67112647869684,-73.87911355519994,01/05/2016 12:33:22 PM,Damaged Tree
40.6368255255542,-74.13037236709724,01/05/2016 02:15:25 PM,Animal Abuse
40.757841010048196,-73.8732783007147,01/05/2016 10:49:09 AM,Overgrown Tree/Branches
40.70572352546976,-74.01637109125896,01/05/2016 03:43:59 PM,Street Condition
40.69909494602375,-73.9609498664554,01/05/2016 09:54:18 AM,Traffic
40.79772477573263,-73.94158361068818,01/05/2016 10:14:48 PM,Plumbing
40.75916447225798,-73.98839134812245,01/05/2016 01:22:22 AM,Noise - Commercial
40.75558360239671,-73.88520104800678,01/05/2016 02:06:11 AM,Noise - Commercial
40.632633350386506,-74.01253418105559,01/05/2016 01:40:59 AM,Animal Abuse
40.752395156800084,-73.9823108763764,01/05/2016 12:13:25 PM,Homeless Person Assistance
40.8185153736559,-73.91792992673089,01/05/2016 11:21:22 AM,Homeless Encampment
40.694504082588004,-73.94379086237686,01/05/2016 09:07:01 AM,HEAT/HOT WATER
40.664410795356666,-73.74889022606233,01/05/2016 09:07:08 AM,Building/Use
40.875722699167746,-73.86481280073414,01/05/2016 06:11:01 AM,PLUMBING
40.629649000360885,-74.01824742408812,01/05/2016 01:09:19 PM,Animal Abuse
40.8469786475534,-73.93624161482148,01/05/2016 05:11:00 PM,Homeless Person Assistance
40.736836061247594,-73.98962571830423,01/05/2016 10:45:21 AM,Homeless Person Assistance
40.76139645225346,-73.99566826833663,01/05/2016 04:29:47 PM,Noise - Commercial
40.58523508280504,-73.93514861143801,01/05/2016 12:49:23 PM,Derelict Vehicle
40.619698023437145,-74.08306114184727,01/05/2016 04:20:12 PM,Derelict Vehicle
40.76848031413209,-73.91235612271026,01/05/2016 10:19:17 AM,Special Enforcement
40.7698440967038,-73.95449660517767,01/05/2016 01:36:18 AM,Noise - Commercial
40.63892000467814,-73.90317611012502,01/05/2016 01:25:40 PM,Derelict Vehicle
40.695308266354346,-73.76285611500762,01/05/2016 03:22:42 PM,Derelict Vehicle
40.70645191622619,-74.0055941484599,01/05/2016 10:50:06 AM,Elevator
40.7635473956734,-73.923019022691,01/05/2016 05:50:15 PM,Graffiti
40.763792185467935,-73.92805095086185,01/05/2016 09:36:10 AM,Graffiti
40.63496340858443,-73.88949428261805,01/05/2016 06:23:07 PM,Street Condition
40.77119813184906,-73.94999362565484,01/05/2016 12:49:57 PM,Derelict Vehicle
40.76097086818745,-73.99271551779226,01/05/2016 08:40:50 AM,Homeless Person Assistance
40.616371696100025,-74.1275985482609,01/05/2016 08:36:10 AM,Derelict Vehicle
40.740381992162575,-73.98680321135978,01/05/2016 12:28:24 PM,Homeless Person Assistance
40.86000629072225,-73.92903501733531,01/05/2016 08:48:42 PM,WATER LEAK
40.68368700560653,-73.8905096345369,01/05/2016 08:35:40 AM,Illegal Tree Damage
40.81363174663337,-73.85565089407292,01/05/2016 09:51:44 AM,Consumer Complaint
40.68561077163629,-73.95578722621423,01/05/2016 02:46:35 PM,Animal Abuse
40.69279683228778,-73.99875230241244,01/05/2016 04:19:17 AM,Noise - Vehicle
40.72353377782216,-73.8247221451838,01/05/2016 02:46:21 PM,Animal Abuse
40.80581141453197,-73.94877198771661,01/05/2016 12:57:11 AM,Street Condition
40.66962909214282,-73.97928676257965,01/05/2016 02:15:17 PM,School Maintenance
40.78492254638244,-73.97916061951136,01/05/2016 11:54:27 AM,Vending
40.737367235757965,-73.979781716831,01/05/2016 11:21:22 AM,Homeless Person Assistance
40.726441097093264,-73.98448610328941,01/05/2016 03:47:43 AM,Noise - Vehicle
40.81428934650936,-73.8232945622489,01/05/2016 02:28:00 PM,Sanitation Condition
40.63949613804607,-73.93376269937241,01/05/2016 09:21:00 AM,Derelict Vehicles
40.77381859641822,-73.98791943512036,01/05/2016 12:47:52 AM,Noise - Vehicle
40.716618572684354,-74.0042566744574,01/05/2016 01:07:17 AM,Noise - Street/Sidewalk
40.76476214995748,-73.86982122773057,01/05/2016 04:01:20 PM,Overgrown Tree/Branches
40.732985639330835,-74.00001082471186,01/05/2016 02:01:48 PM,Homeless Person Assistance
40.75183485119332,-73.98000470908066,01/05/2016 12:46:59 PM,Food Poisoning
40.6915037376325,-73.99148264580296,01/05/2016 09:44:01 AM,Indoor Air Quality
40.69343049350331,-73.94300924431631,01/05/2016 02:42:06 PM,Street Condition
40.703785334385515,-73.93559231716411,01/05/2016 10:20:18 AM,Noise - Commercial
40.847562112985365,-73.89370977474724,01/05/2016 06:36:08 PM,Elevator
40.67494818366337,-73.88004395423555,01/05/2016 05:55:28 PM,General Construction/Plumbing
40.78855601926736,-73.78233174659941,01/05/2016 07:52:58 AM,Derelict Vehicle
40.71146418610183,-73.87703125836663,01/05/2016 09:29:18 PM,HEAT/HOT WATER
40.82148641484807,-73.94853952549691,01/05/2016 12:54:32 AM,Street Condition
40.68263221179318,-73.96213129861121,01/05/2016 07:00:33 PM,Homeless Person Assistance
40.82980827865052,-73.88138361077793,01/05/2016 11:36:51 AM,Overgrown Tree/Branches
40.74175483855087,-73.85976899272525,01/05/2016 11:43:54 AM,Animal Abuse
40.6632479002106,-73.92661668904138,01/05/2016 02:50:00 PM,Derelict Vehicles
40.68738533260181,-73.7858891797017,01/05/2016 11:27:00 AM,Derelict Vehicles
40.711011497957074,-73.95063394136774,01/05/2016 04:29:57 PM,Noise - Commercial
40.73717693351321,-73.92465525697824,01/05/2016 02:41:51 AM,Noise - Vehicle
40.67922826220302,-73.98357051703368,01/05/2016 06:58:51 PM,Noise - Commercial
40.69107621730167,-73.76172085839397,01/05/2016 06:32:13 PM,Animal Abuse
40.752701947533154,-73.96701094934762,01/05/2016 06:24:14 PM,Traffic
40.696943166346394,-73.90145459002966,01/05/2016 06:06:53 PM,Animal Abuse
40.75310735184767,-73.99652060857498,01/05/2016 12:00:00 AM,Food Poisoning
40.88287540238971,-73.8851114395669,01/05/2016 08:55:04 AM,Indoor Sewage
40.79064554382299,-73.80744561989484,01/05/2016 04:06:40 PM,Building/Use
40.64066776235543,-74.00777220000288,01/05/2016 09:58:20 AM,Electrical
40.819122390804885,-73.86339229398462,01/05/2016 12:03:04 AM,Street Condition
40.72253079182838,-74.00404419947196,01/05/2016 12:49:45 AM,Animal Abuse
40.80888378514993,-73.9581039415158,01/05/2016 12:29:16 AM,Street Condition
40.71973995125791,-73.95782087242493,01/05/2016 02:38:07 PM,Street Condition
40.767815119090876,-73.98225984914001,01/05/2016 02:07:58 PM,Calorie Labeling
40.74860820459181,-73.98865304161896,01/05/2016 06:31:48 PM,Homeless Person Assistance
40.70036900671427,-73.75086458021087,01/05/2016 11:00:22 AM,UNSANITARY CONDITION
40.86140473060122,-73.8705792419193,01/05/2016 10:03:18 AM,Derelict Vehicle
40.76028869325874,-73.98015738905772,01/05/2016 10:47:58 AM,Fire Safety Director - F58
40.64987763206681,-73.94559429385328,01/05/2016 01:59:33 PM,Unleashed Dog
40.826516412660034,-73.95244523649312,01/05/2016 06:19:54 PM,Animal Abuse
40.70930798030752,-74.01776425648073,01/05/2016 04:22:34 PM,Taxi Report
40.756192112317805,-73.99056478174674,01/05/2016 05:58:12 PM,Homeless Person Assistance
40.75606941004871,-73.97688123099621,01/05/2016 09:23:17 AM,Homeless Person Assistance
40.59421897933677,-74.06456125234548,01/05/2016 12:24:15 PM,Animal Abuse
40.75183485119332,-73.98000470908066,01/05/2016 12:00:00 AM,Food Poisoning
40.81378615617541,-73.89131074841177,01/05/2016 08:48:18 PM,Indoor Sewage
40.82170663635196,-73.95679517095198,01/05/2016 08:44:30 PM,Animal Abuse
40.75590965706011,-73.99446666861873,01/05/2016 02:29:37 PM,Street Condition
40.74645896784621,-73.98769342244599,01/05/2016 02:40:58 PM,Street Condition
40.77963376842338,-73.91083575247735,01/05/2016 05:53:51 PM,Taxi Report
40.77782039260738,-73.95471501598317,01/05/2016 02:04:39 PM,Broken Muni Meter
40.76091321982277,-73.99257835358914,01/05/2016 04:12:02 PM,Homeless Person Assistance
40.73928116703028,-73.85052540039605,01/05/2016 10:37:32 AM,Street Condition
40.730836492367025,-74.00096697640535,01/05/2016 03:02:27 PM,Homeless Person Assistance
40.62870777863674,-74.11900830945154,01/05/2016 11:36:00 AM,Street Light Condition
40.68688781901973,-73.95772626935057,01/05/2016 04:12:23 AM,Noise - Vehicle
40.6449662497121,-73.99499837340035,01/05/2016 08:17:29 AM,Unleashed Dog
40.689324703752,-73.99932930732174,01/05/2016 03:31:41 PM,Taxi Report
40.67112647869684,-73.87911355519994,01/05/2016 12:43:54 PM,Overgrown Tree/Branches
40.624490226509394,-73.9129522715617,01/05/2016 11:54:55 AM,Derelict Vehicle
40.668623526423445,-73.77800450127053,01/05/2016 12:50:16 AM,Derelict Vehicle
40.75368577667512,-73.97154742609524,01/05/2016 12:08:57 AM,Noise - Street/Sidewalk
40.67292075416157,-73.89506959699621,01/05/2016 11:34:58 AM,Unleashed Dog
40.66962909214282,-73.97928676257965,01/05/2016 11:42:07 AM,School Maintenance
40.70322251146767,-73.82837136232817,01/05/2016 08:11:48 AM,Street Condition
40.76545788190728,-73.98583798362152,01/05/2016 07:18:14 AM,Special Projects Inspection Team (SPIT)
40.69022646755695,-73.75442547830981,01/05/2016 03:08:59 PM,Derelict Vehicle
40.83884600838569,-73.87816189461297,01/05/2016 10:33:24 AM,Street Condition
40.6357016982456,-74.12144919100444,01/05/2016 04:56:20 PM,Homeless Person Assistance
40.902025533828706,-73.91042919253458,01/05/2016 03:14:32 PM,Street Condition
40.712912677480624,-73.9550368649165,01/05/2016 09:06:50 PM,Taxi Report
40.7396840414472,-73.98116671624253,01/05/2016 12:42:37 PM,Homeless Person Assistance
40.70454904344675,-74.01428973798721,01/05/2016 10:43:26 AM,Street Condition
40.749808217155035,-73.99946945517688,01/05/2016 11:43:09 AM,Homeless Person Assistance
40.762381781169424,-73.949440721203,01/05/2016 03:10:18 PM,Homeless Person Assistance
40.76139645225346,-73.99566826833663,01/05/2016 05:07:17 PM,Noise - Commercial
40.711011497957074,-73.95063394136774,01/05/2016 03:53:09 PM,Noise - Commercial
40.60917529056423,-73.97991778225222,01/05/2016 12:10:05 PM,Building/Use
40.756455915571436,-73.9744952115434,01/05/2016 08:50:49 AM,EAP Inspection - F59
40.887485981886044,-73.8620981086951,01/05/2016 09:24:25 AM,DOF Property - Reduction Issue
40.69902926681909,-73.80474215660408,01/05/2016 07:02:00 AM,Homeless Person Assistance
40.75052027537249,-73.94062886873932,01/05/2016 10:10:54 AM,Street Condition
40.67424217482357,-74.0011211733983,01/05/2016 10:06:26 AM,Derelict Vehicle
40.671554434549314,-73.93246193174335,01/05/2016 02:49:04 AM,HEAT/HOT WATER
40.722604968387486,-73.99917745003964,01/05/2016 11:49:00 AM,Dirty Conditions
40.60968280313545,-73.90689212101499,01/05/2016 12:15:49 PM,Overgrown Tree/Branches
40.61982173501606,-73.96572943016133,01/05/2016 12:00:00 PM,Sanitation Condition
40.7889892058747,-73.97406384103728,01/05/2016 08:31:42 AM,Noise - Vehicle
40.68933867981074,-73.97603895786716,01/05/2016 11:41:34 PM,Noise - Commercial
40.783937451116294,-73.95234204029215,01/05/2016 12:32:56 PM,Animal Abuse
40.699330486024756,-73.9594747042791,01/05/2016 10:14:28 AM,Traffic
40.85088090524273,-73.8518072196529,01/05/2016 09:34:32 AM,Illegal Tree Damage
40.720612239828505,-73.99708869311088,01/05/2016 07:02:03 AM,Street Sign - Damaged
40.69750595540069,-73.84642490767114,01/05/2016 04:34:10 PM,Street Condition
40.76139645225346,-73.99566826833663,01/05/2016 05:04:04 PM,Noise - Commercial
40.86502456816568,-73.88858414414646,01/05/2016 09:57:32 AM,HEAT/HOT WATER
40.697029908040165,-73.76857680235914,01/05/2016 04:44:48 PM,Noise - Vehicle
40.80000492079465,-73.96762319626815,01/05/2016 08:16:43 AM,Illegal Tree Damage
40.734906354038316,-73.98811773207399,01/05/2016 12:19:32 PM,Homeless Person Assistance
40.712937152448745,-73.78043964246613,01/05/2016 05:46:37 AM,Noise - Vehicle
40.7486066822413,-73.97810369101492,01/05/2016 07:51:35 AM,Damaged Tree
40.82222199644085,-73.88149829969494,01/05/2016 08:59:04 AM,Street Condition
40.74071747191913,-73.99440297452026,01/05/2016 05:28:39 PM,Homeless Person Assistance
40.63948669989264,-74.08098151505368,01/05/2016 08:49:45 AM,Street Condition
40.64595523721229,-73.89421832801612,01/05/2016 12:39:22 AM,HEAT/HOT WATER
40.76010264469332,-73.98397290408673,01/05/2016 03:02:56 PM,Vending
40.74090910981229,-73.98794705421118,01/05/2016 12:12:08 PM,Homeless Person Assistance
40.61146225392379,-74.16364191972403,01/05/2016 09:06:39 AM,Animal Abuse
40.85225629757076,-73.91077454708514,01/05/2016 05:32:54 PM,Elevator
40.76003118189605,-73.96979761947281,01/05/2016 05:08:26 PM,Homeless Person Assistance
40.70175386760164,-73.92175595479424,01/05/2016 08:49:43 PM,GENERAL
40.730649841479625,-74.00163447419656,01/05/2016 03:04:37 PM,Homeless Person Assistance
40.740198273871414,-73.98848125973527,01/05/2016 11:04:15 AM,Homeless Person Assistance
40.802444279168576,-73.93883073441826,01/05/2016 07:08:22 PM,Animal Abuse
40.70841522866986,-73.86287614922077,01/05/2016 11:39:24 AM,Street Condition
40.61308780067872,-73.93254989821395,01/05/2016 09:56:21 AM,Street Condition
40.6129429023483,-74.00032055563815,01/05/2016 01:11:57 PM,DOF Property - Update Account
40.613340363275306,-74.01108624866866,01/05/2016 07:28:46 AM,Traffic
40.645952686442776,-73.95197214109083,01/05/2016 01:29:49 AM,Noise - Commercial
40.752466784765815,-73.97026303855291,01/05/2016 12:09:21 AM,Noise - Commercial
40.767508434396056,-73.91203971205353,01/05/2016 12:13:55 AM,Noise - Commercial
40.76249450483886,-73.9751932073919,01/05/2016 01:17:41 AM,Homeless Person Assistance
40.83463488561057,-73.888280887897,01/05/2016 06:32:35 AM,Street Condition
40.83484295688418,-73.91317937007253,01/05/2016 08:39:01 PM,Noise - Street/Sidewalk
40.76341023709843,-73.98530054606347,01/05/2016 07:07:12 AM,Homeless Person Assistance
40.57733964483602,-73.94869883657063,01/05/2016 02:24:38 PM,Street Condition
40.744412315882514,-73.9761418517272,01/05/2016 11:39:57 AM,Homeless Person Assistance
40.76093761282121,-73.98875562399209,01/05/2016 06:27:40 PM,Noise - Vehicle
40.77537887334544,-73.90012537750057,01/05/2016 04:39:59 PM,General Construction/Plumbing
40.80291703090121,-73.95179025916555,01/05/2016 06:23:14 PM,Homeless Person Assistance
40.75506414117969,-73.83112895227703,01/05/2016 07:33:05 PM,Building/Use
40.86676805532258,-73.86831273167441,01/05/2016 04:39:35 PM,WATER LEAK
40.771113456858046,-73.74749505246407,01/05/2016 12:58:33 PM,Overgrown Tree/Branches
40.69348539422074,-73.94302001569037,01/05/2016 02:43:37 PM,Street Condition
40.744383876013536,-73.72655664249439,01/05/2016 02:44:00 PM,Dirty Conditions
40.859977240527726,-73.86556421778361,01/05/2016 11:40:00 AM,Missed Collection (All Materials)
40.79231583995937,-73.97415283137067,01/05/2016 12:09:51 PM,Building/Use
40.87125550224616,-73.8890726763948,01/05/2016 06:08:33 PM,HEAT/HOT WATER
40.592401228821366,-73.97670745457137,01/05/2016 11:57:55 AM,Derelict Vehicle
40.77288554425237,-73.82185556198473,01/05/2016 09:50:37 PM,Derelict Vehicle
40.70106896611594,-73.73610406287672,01/05/2016 06:31:21 PM,Street Condition
40.612824040676266,-73.98613689371342,01/05/2016 09:58:08 AM,Overgrown Tree/Branches
40.74305707175803,-73.81753620415962,01/05/2016 04:09:21 PM,Building/Use
40.6937132331643,-73.94306670044335,01/05/2016 02:44:42 PM,Street Condition
40.766852031168725,-73.9537477543563,01/05/2016 12:06:37 PM,Traffic
40.72178077241535,-73.90838059532713,01/05/2016 08:08:32 AM,Street Sign - Dangling
40.860619644207695,-73.8247657523295,01/05/2016 12:07:21 PM,Root/Sewer/Sidewalk Condition
40.72215039691776,-73.98027697368785,01/05/2016 07:54:55 PM,Homeless Person Assistance
40.629649000360885,-74.01824742408812,01/05/2016 12:52:30 PM,Animal Abuse
40.72108071114065,-73.89839212728934,01/05/2016 06:26:04 AM,Animal Abuse
40.67632056329885,-73.83561129312876,01/05/2016 12:39:06 PM,Derelict Vehicle
40.7640716538889,-73.98479140116575,01/05/2016 09:25:01 AM,Homeless Encampment
40.73830681539044,-73.98559837486117,01/05/2016 12:35:44 PM,Homeless Person Assistance
40.76243496696288,-73.95894898138486,01/05/2016 07:50:11 AM,Noise - Commercial
40.70490269068985,-73.89194272388592,01/05/2016 08:42:17 PM,Illegal Tree Damage
40.8660527290604,-73.85542502680377,01/05/2016 05:28:36 PM,Illegal Tree Damage
40.85870888817838,-73.90369121770115,01/05/2016 06:35:27 AM,Street Condition
40.74878450596702,-73.89340180297104,01/05/2016 12:15:02 PM,Noise - Commercial
40.85293993871121,-73.89474222800433,01/05/2016 10:33:05 AM,School Maintenance
40.88726301152862,-73.90497714781706,01/05/2016 07:35:45 AM,Noise - Vehicle
40.613340363275306,-74.01108624866866,01/05/2016 07:07:03 AM,Traffic
40.5847313661063,-74.15107281085383,01/05/2016 09:57:42 AM,Derelict Vehicle
40.834966437639864,-73.94420341788933,01/05/2016 12:00:35 PM,Vending
40.85447723439298,-73.85898549483038,01/05/2016 12:28:37 PM,Root/Sewer/Sidewalk Condition
40.70642970744769,-73.80344366955471,01/05/2016 11:47:34 AM,Street Condition
40.73896026359565,-73.98727260586962,01/05/2016 10:58:28 AM,Homeless Person Assistance
40.70858358681028,-73.89814426458597,01/05/2016 04:19:12 PM,Animal Facility - No Permit
40.7480817717004,-74.00016962558148,01/05/2016 10:36:15 AM,Broken Muni Meter
40.664410795356666,-73.74889022606233,01/05/2016 09:39:27 AM,Building/Use
40.79894307876965,-73.96004612961187,01/05/2016 04:36:49 AM,Noise - Street/Sidewalk
40.776221110771935,-73.97595353687147,01/05/2016 06:36:16 PM,Homeless Encampment
40.87058667507871,-73.8689668438347,01/05/2016 12:48:00 PM,Derelict Vehicles
40.6487917187001,-73.91929548569614,01/05/2016 08:44:00 AM,Sanitation Condition
40.74878450596702,-73.89340180297104,01/05/2016 06:47:16 PM,Noise - Commercial
40.873766393464365,-73.88574187817389,01/05/2016 07:49:55 AM,HEAT/HOT WATER
40.68391872455416,-73.91834076045463,01/05/2016 02:25:55 PM,General Construction/Plumbing
40.709058029823865,-73.92225956712687,01/05/2016 12:26:51 AM,Noise - Commercial
40.71645111569149,-74.0049240220652,01/05/2016 01:17:43 AM,Noise - Commercial
40.63323648628878,-73.95292884080753,01/05/2016 11:31:54 AM,School Maintenance
40.737226168132956,-74.00515289077266,01/05/2016 03:18:17 PM,Homeless Person Assistance
40.758156830568815,-73.80146456582386,01/05/2016 07:33:14 PM,Building/Use
40.61758963075647,-73.96381071027422,01/05/2016 12:52:00 PM,Traffic Signal Condition
40.59266393545371,-73.99029263426863,01/05/2016 01:45:13 PM,Derelict Vehicle
40.71991341364508,-73.74163557270957,01/05/2016 01:40:37 PM,Building/Use
40.7130140536896,-73.78046463932517,01/05/2016 05:52:29 AM,Noise - Commercial
40.84884794508477,-73.91151648190794,01/05/2016 06:34:38 AM,Street Condition
40.80482179264163,-73.94545681211618,01/05/2016 01:36:53 PM,Homeless Person Assistance
40.637335853538104,-74.00046839849324,01/05/2016 08:07:52 AM,Noise - Vehicle
40.76995305234288,-73.9182063866095,01/05/2016 08:45:35 PM,Street Condition
40.84606574898943,-73.86211891791376,01/05/2016 04:57:34 PM,HEAT/HOT WATER
40.6933384457756,-73.94011363072792,01/05/2016 01:52:27 PM,UNSANITARY CONDITION
40.75719256925158,-73.97985510928227,01/05/2016 12:31:46 PM,Non-Residential Heat
40.67977109181176,-73.95192615343805,01/05/2016 11:15:00 AM,Sanitation Condition
40.7217945184291,-73.94803206673042,01/05/2016 09:42:30 AM,Homeless Person Assistance
40.618484406483454,-73.99267343485457,01/05/2016 10:34:28 PM,Animal Abuse
40.62052504470415,-73.95928480802,01/05/2016 03:35:00 PM,Derelict Vehicles
40.61066506761256,-74.09356665570482,01/05/2016 10:49:15 AM,Beach/Pool/Sauna Complaint
40.72523680410437,-73.75477270015004,01/05/2016 01:20:54 PM,Damaged Tree
40.59253904013375,-73.95200335705292,01/05/2016 06:40:24 PM,Indoor Sewage
40.78311615247708,-73.95085852586666,01/05/2016 07:14:48 PM,Noise - Commercial
40.575316858518015,-74.10392033530074,01/05/2016 01:37:23 PM,Root/Sewer/Sidewalk Condition
40.7137364401887,-74.0069907444033,01/05/2016 09:38:22 AM,Homeless Person Assistance
40.804891056481516,-73.96049768840602,01/05/2016 08:19:37 AM,Homeless Person Assistance
40.73448346298247,-73.98632447322385,01/05/2016 12:12:41 AM,Food Establishment
40.814467344446236,-73.9530427089908,01/05/2016 03:53:13 PM,Animal Abuse
40.75883071710623,-73.93937974572282,01/05/2016 07:23:50 AM,School Maintenance
40.817162248080265,-73.92191290404378,01/05/2016 11:36:11 AM,General Construction/Plumbing
40.74391132773033,-73.98358343674667,01/05/2016 09:20:55 AM,Homeless Person Assistance
40.87515528739087,-73.87521706055172,01/05/2016 12:31:11 PM,General Construction/Plumbing
40.90339202134842,-73.90650960870829,01/05/2016 09:56:28 AM,Derelict Vehicle
40.81022265308313,-73.85553546520065,01/05/2016 01:17:16 PM,Street Condition
40.82509968549533,-73.87741744514163,01/05/2016 02:01:13 AM,GENERAL
40.69294214466014,-73.99379755916343,01/05/2016 10:57:59 AM,Broken Muni Meter
40.667495241848464,-73.92847203914918,01/05/2016 08:50:10 AM,HEAT/HOT WATER
40.676933317307515,-73.72637173390525,01/05/2016 09:37:51 AM,Street Condition
